<?xml version="1.0" encoding="UTF-8"?>
<!DOCTYPE suite SYSTEM "http://testng.org/testng-1.0.dtd">
<suite name="Flower Regression Suite" allow-return-values="true">
	<test thread-count="1" name="HomePage">
		<classes>
		    <class name="com.flower.TestCases.Flowers.LoginTest" />
		    <class name="com.flower.TestCases.Flowers.OTPTest" />
		    <class name="com.flower.TestCases.Flowers.CitySelection" />
		    <class name="com.flower.TestCases.Flowers.FlowerPriceRangeSelection" />
		    <class name="com.flower.TestCases.Flowers.FlowerCategorySelection" />
		    <class name="com.flower.TestCases.Flowers.FlowerSelection" />
		    <class name="com.flower.TestCases.Flowers.AddToCartPage" />
		    <class name="com.flower.TestCases.Flowers.AddOns" />
		    <class name="com.flower.TestCases.Flowers.MyCart" />
		    <class name="com.flower.TestCases.Flowers.ReviewDetailsScreenTest" />
		    <class name="com.flower.TestCases.Flowers.DeliveryAddress" />
		    <class name="com.flower.TestCases.Flowers.DeliveryDateAndTimeTest" />
		    <class name="com.flower.TestCases.Flowers.OrderSummaryTest" />
		    <class name="com.flower.TestCases.Flowers.PaymentTest" />
		    
			
						
			
			
		</classes>
	</test>
	
		

	
	
	
</suite> <!-- Suite -->
