<?xml version="1.0" encoding="UTF-8"?>
<!DOCTYPE suite SYSTEM "http://testng.org/testng-1.0.dtd">
<suite name="Suite">
	<test thread-count="1" name="HomePage">
		<classes>
			<class name="com.flower.TestCases.HomeTestBase" />
			<class name="com.flower.TestCases.CitySpecificTest" />
			<class name="com.flower.TestCases.CakeSpecificPage"></class>
			<class name="com.flower.TestCases.AddToCartPage"></class>
			<class name="com.flower.TestCases.AddOns"></class>
			<class name="com.flower.TestCases.MyCart"></class>
			<class name="com.flower.TestCases.LoginTest"></class>
			<class name="com.flower.TestCases.DeliveryAddress"></class>
			<class name="com.flower.TestCases.Checkout"></class>
			<class name="com.flower.TestCases.OrderSummaryTest"></class>
			<class name="com.flower.TestCases.Payment"></class>
			<class name="com.flower.TestCases.AxisSimulator"></class>
			
			
		</classes>
	</test>
	
		

	
	
	
</suite> <!-- Suite -->
